,precision,recall,f1-score,support
0.0,0.973314606741573,0.9774330042313117,0.9753694581280788,1418.0
1.0,0.8181818181818182,0.7912087912087912,0.8044692737430168,182.0
accuracy,0.95625,0.95625,0.95625,0.95625
macro avg,0.8957482124616956,0.8843208977200514,0.8899193659355478,1600.0
weighted avg,0.955668252042901,0.95625,0.9559295621542779,1600.0
